"Step","driven-sweep-50 - loss","driven-sweep-50 - loss__MIN","driven-sweep-50 - loss__MAX","copper-sweep-49 - loss","copper-sweep-49 - loss__MIN","copper-sweep-49 - loss__MAX","clean-sweep-48 - loss","clean-sweep-48 - loss__MIN","clean-sweep-48 - loss__MAX","pretty-sweep-47 - loss","pretty-sweep-47 - loss__MIN","pretty-sweep-47 - loss__MAX","fast-sweep-46 - loss","fast-sweep-46 - loss__MIN","fast-sweep-46 - loss__MAX","graceful-sweep-45 - loss","graceful-sweep-45 - loss__MIN","graceful-sweep-45 - loss__MAX","fine-sweep-44 - loss","fine-sweep-44 - loss__MIN","fine-sweep-44 - loss__MAX","summer-sweep-43 - loss","summer-sweep-43 - loss__MIN","summer-sweep-43 - loss__MAX","lunar-sweep-42 - loss","lunar-sweep-42 - loss__MIN","lunar-sweep-42 - loss__MAX","zesty-sweep-41 - loss","zesty-sweep-41 - loss__MIN","zesty-sweep-41 - loss__MAX","sparkling-sweep-40 - loss","sparkling-sweep-40 - loss__MIN","sparkling-sweep-40 - loss__MAX","wise-sweep-39 - loss","wise-sweep-39 - loss__MIN","wise-sweep-39 - loss__MAX","drawn-sweep-38 - loss","drawn-sweep-38 - loss__MIN","drawn-sweep-38 - loss__MAX","breezy-sweep-37 - loss","breezy-sweep-37 - loss__MIN","breezy-sweep-37 - loss__MAX","magic-sweep-36 - loss","magic-sweep-36 - loss__MIN","magic-sweep-36 - loss__MAX","curious-sweep-35 - loss","curious-sweep-35 - loss__MIN","curious-sweep-35 - loss__MAX","glad-sweep-34 - loss","glad-sweep-34 - loss__MIN","glad-sweep-34 - loss__MAX","giddy-sweep-33 - loss","giddy-sweep-33 - loss__MIN","giddy-sweep-33 - loss__MAX","sage-sweep-32 - loss","sage-sweep-32 - loss__MIN","sage-sweep-32 - loss__MAX","youthful-sweep-31 - loss","youthful-sweep-31 - loss__MIN","youthful-sweep-31 - loss__MAX","expert-sweep-30 - loss","expert-sweep-30 - loss__MIN","expert-sweep-30 - loss__MAX","fragrant-sweep-29 - loss","fragrant-sweep-29 - loss__MIN","fragrant-sweep-29 - loss__MAX","morning-sweep-28 - loss","morning-sweep-28 - loss__MIN","morning-sweep-28 - loss__MAX","helpful-sweep-27 - loss","helpful-sweep-27 - loss__MIN","helpful-sweep-27 - loss__MAX","astral-sweep-26 - loss","astral-sweep-26 - loss__MIN","astral-sweep-26 - loss__MAX","atomic-sweep-25 - loss","atomic-sweep-25 - loss__MIN","atomic-sweep-25 - loss__MAX","eager-sweep-24 - loss","eager-sweep-24 - loss__MIN","eager-sweep-24 - loss__MAX","amber-sweep-23 - loss","amber-sweep-23 - loss__MIN","amber-sweep-23 - loss__MAX","snowy-sweep-22 - loss","snowy-sweep-22 - loss__MIN","snowy-sweep-22 - loss__MAX","woven-sweep-21 - loss","woven-sweep-21 - loss__MIN","woven-sweep-21 - loss__MAX","magic-sweep-20 - loss","magic-sweep-20 - loss__MIN","magic-sweep-20 - loss__MAX","iconic-sweep-19 - loss","iconic-sweep-19 - loss__MIN","iconic-sweep-19 - loss__MAX","absurd-sweep-18 - loss","absurd-sweep-18 - loss__MIN","absurd-sweep-18 - loss__MAX","fragrant-sweep-17 - loss","fragrant-sweep-17 - loss__MIN","fragrant-sweep-17 - loss__MAX","sweepy-sweep-16 - loss","sweepy-sweep-16 - loss__MIN","sweepy-sweep-16 - loss__MAX","easy-sweep-15 - loss","easy-sweep-15 - loss__MIN","easy-sweep-15 - loss__MAX","morning-sweep-14 - loss","morning-sweep-14 - loss__MIN","morning-sweep-14 - loss__MAX","honest-sweep-13 - loss","honest-sweep-13 - loss__MIN","honest-sweep-13 - loss__MAX","blooming-sweep-12 - loss","blooming-sweep-12 - loss__MIN","blooming-sweep-12 - loss__MAX","wise-sweep-11 - loss","wise-sweep-11 - loss__MIN","wise-sweep-11 - loss__MAX","icy-sweep-10 - loss","icy-sweep-10 - loss__MIN","icy-sweep-10 - loss__MAX","young-sweep-9 - loss","young-sweep-9 - loss__MIN","young-sweep-9 - loss__MAX","easy-sweep-8 - loss","easy-sweep-8 - loss__MIN","easy-sweep-8 - loss__MAX","expert-sweep-7 - loss","expert-sweep-7 - loss__MIN","expert-sweep-7 - loss__MAX","spring-sweep-6 - loss","spring-sweep-6 - loss__MIN","spring-sweep-6 - loss__MAX","wise-sweep-5 - loss","wise-sweep-5 - loss__MIN","wise-sweep-5 - loss__MAX","graceful-sweep-4 - loss","graceful-sweep-4 - loss__MIN","graceful-sweep-4 - loss__MAX","lively-sweep-3 - loss","lively-sweep-3 - loss__MIN","lively-sweep-3 - loss__MAX","trim-sweep-2 - loss","trim-sweep-2 - loss__MIN","trim-sweep-2 - loss__MAX","unique-sweep-1 - loss","unique-sweep-1 - loss__MIN","unique-sweep-1 - loss__MAX"
"2000","0.30727376021444797","0.30727376021444797","0.30727376021444797","0.32119041139632465","0.32119041139632465","0.32119041139632465","0.27754323671385644","0.27754323671385644","0.27754323671385644","0.3118525062203407","0.3118525062203407","0.3118525062203407","0.20531269529089333","0.20531269529089333","0.20531269529089333","0.34875801458954814","0.34875801458954814","0.34875801458954814","0.23544664553925396","0.23544664553925396","0.23544664553925396","0.2101067714393139","0.2101067714393139","0.2101067714393139","0.33699819558113814","0.33699819558113814","0.33699819558113814","0.29665076231211424","0.29665076231211424","0.29665076231211424","0.20297675629705192","0.20297675629705192","0.20297675629705192","0.30399491634219883","0.30399491634219883","0.30399491634219883","0.2772559951506555","0.2772559951506555","0.2772559951506555","0.3351748522594571","0.3351748522594571","0.3351748522594571","0.22776057134568692","0.22776057134568692","0.22776057134568692","0.2126182696595788","0.2126182696595788","0.2126182696595788","0.30486072624474764","0.30486072624474764","0.30486072624474764","0.2785607318468392","0.2785607318468392","0.2785607318468392","0.2617483313977718","0.2617483313977718","0.2617483313977718","0.2935590102188289","0.2935590102188289","0.2935590102188289","0.33026335536688567","0.33026335536688567","0.33026335536688567","0.2488418815881014","0.2488418815881014","0.2488418815881014","0.2576042985357344","0.2576042985357344","0.2576042985357344","0.3107219022139907","0.3107219022139907","0.3107219022139907","0.2154032781496644","0.2154032781496644","0.2154032781496644","0.18820290087908506","0.18820290087908506","0.18820290087908506","0.21075457056611777","0.21075457056611777","0.21075457056611777","0.21951865607872606","0.21951865607872606","0.21951865607872606","0.28997155848145484","0.28997155848145484","0.28997155848145484","0.3321126473098993","0.3321126473098993","0.3321126473098993","0.22808973201736807","0.22808973201736807","0.22808973201736807","0.21200098283216356","0.21200098283216356","0.21200098283216356","0.27270837988704444","0.27270837988704444","0.27270837988704444","0.21919237346202136","0.21919237346202136","0.21919237346202136","0.3416698156297207","0.3416698156297207","0.3416698156297207","0.2890505051799119","0.2890505051799119","0.2890505051799119","0.3222632076665759","0.3222632076665759","0.3222632076665759","0.20948063499853015","0.20948063499853015","0.20948063499853015","0.19422134735807778","0.19422134735807778","0.19422134735807778","0.2873612487390637","0.2873612487390637","0.2873612487390637","0.20169700610265134","0.20169700610265134","0.20169700610265134","0.1920513287521899","0.1920513287521899","0.1920513287521899","0.2076094842068851","0.2076094842068851","0.2076094842068851","0.20356538197770715","0.20356538197770715","0.20356538197770715","0.3067974676862359","0.3067974676862359","0.3067974676862359","0.2139063360206783","0.2139063360206783","0.2139063360206783","0.21570982391014695","0.21570982391014695","0.21570982391014695","0.2798177151232958","0.2798177151232958","0.2798177151232958","0.3474711987748742","0.3474711987748742","0.3474711987748742","0.28328642662987114","0.28328642662987114","0.28328642662987114"
"4001","0.19659449068829418","0.19659449068829418","0.19659449068829418","0.2030801910981536","0.2030801910981536","0.2030801910981536","0.17197258542105556","0.17197258542105556","0.17197258542105556","0.19574913774803282","0.19574913774803282","0.19574913774803282","0.13913619329407811","0.13913619329407811","0.13913619329407811","0.2284597972854972","0.2284597972854972","0.2284597972854972","0.15596084427833556","0.15596084427833556","0.15596084427833556","0.1445476047433913","0.1445476047433913","0.1445476047433913","0.217028490383178","0.217028490383178","0.217028490383178","0.19003440299257637","0.19003440299257637","0.19003440299257637","0.13903710873797537","0.13903710873797537","0.13903710873797537","0.1918039260134101","0.1918039260134101","0.1918039260134101","0.1801017846055329","0.1801017846055329","0.1801017846055329","0.22324443797022103","0.22324443797022103","0.22324443797022103","0.15340827464684845","0.15340827464684845","0.15340827464684845","0.14222506594657897","0.14222506594657897","0.14222506594657897","0.1893513014651835","0.1893513014651835","0.1893513014651835","0.1729587555937469","0.1729587555937469","0.1729587555937469","0.1545299563743174","0.1545299563743174","0.1545299563743174","0.1880062531195581","0.1880062531195581","0.1880062531195581","0.21569535611942411","0.21569535611942411","0.21569535611942411","0.14592211885005235","0.14592211885005235","0.14592211885005235","0.15551041891425849","0.15551041891425849","0.15551041891425849","0.20017529631778597","0.20017529631778597","0.20017529631778597","0.14633014271780848","0.14633014271780848","0.14633014271780848","0.12294208339601755","0.12294208339601755","0.12294208339601755","0.1410444320254028","0.1410444320254028","0.1410444320254028","0.14125847723335028","0.14125847723335028","0.14125847723335028","0.18460618239641188","0.18460618239641188","0.18460618239641188","0.22182630992308258","0.22182630992308258","0.22182630992308258","0.15331224151328207","0.15331224151328207","0.15331224151328207","0.1435862822011113","0.1435862822011113","0.1435862822011113","0.1669492696672678","0.1669492696672678","0.1669492696672678","0.15077228963747621","0.15077228963747621","0.15077228963747621","0.21919756783545016","0.21919756783545016","0.21919756783545016","0.17327713944017886","0.17327713944017886","0.17327713944017886","0.2033855814859271","0.2033855814859271","0.2033855814859271","0.13739116157218814","0.13739116157218814","0.13739116157218814","0.1305537544451654","0.1305537544451654","0.1305537544451654","0.18684521793574094","0.18684521793574094","0.18684521793574094","0.12737405924499035","0.12737405924499035","0.12737405924499035","0.12361140652745962","0.12361140652745962","0.12361140652745962","0.1350285149589181","0.1350285149589181","0.1350285149589181","0.14125644595175982","0.14125644595175982","0.14125644595175982","0.1926050479449332","0.1926050479449332","0.1926050479449332","0.14352845337241887","0.14352845337241887","0.14352845337241887","0.14428071773052215","0.14428071773052215","0.14428071773052215","0.17598546577244997","0.17598546577244997","0.17598546577244997","0.22625973435491323","0.22625973435491323","0.22625973435491323","0.17186982832849027","0.17186982832849027","0.17186982832849027"
"6002","0.1619481740295887","0.1619481740295887","0.1619481740295887","0.1714170700162649","0.1714170700162649","0.1714170700162649","0.1427152844890952","0.1427152844890952","0.1427152844890952","0.16395399767532945","0.16395399767532945","0.16395399767532945","0.12605118599906565","0.12605118599906565","0.12605118599906565","0.1930267021805048","0.1930267021805048","0.1930267021805048","0.14114376714080573","0.14114376714080573","0.14114376714080573","0.1312643900550902","0.1312643900550902","0.1312643900550902","0.18281150405481458","0.18281150405481458","0.18281150405481458","0.1567903951741755","0.1567903951741755","0.1567903951741755","0.1260688041932881","0.1260688041932881","0.1260688041932881","0.15694383576512336","0.15694383576512336","0.15694383576512336","0.15386336605995893","0.15386336605995893","0.15386336605995893","0.19047399592772127","0.19047399592772127","0.19047399592772127","0.13913127885386348","0.13913127885386348","0.13913127885386348","0.12700132202357053","0.12700132202357053","0.12700132202357053","0.15609299930557607","0.15609299930557607","0.15609299930557607","0.14299474097415804","0.14299474097415804","0.14299474097415804","0.12977891600504518","0.12977891600504518","0.12977891600504518","0.1559432325027883","0.1559432325027883","0.1559432325027883","0.17592061491683125","0.17592061491683125","0.17592061491683125","0.12043629458546638","0.12043629458546638","0.12043629458546638","0.13128789709880948","0.13128789709880948","0.13128789709880948","0.1659888177514076","0.1659888177514076","0.1659888177514076","0.13191121659427882","0.13191121659427882","0.13191121659427882","0.11033333608694375","0.11033333608694375","0.11033333608694375","0.1312465149089694","0.1312465149089694","0.1312465149089694","0.12809529465809463","0.12809529465809463","0.12809529465809463","0.15554953826218842","0.15554953826218842","0.15554953826218842","0.1840684572905302","0.1840684572905302","0.1840684572905302","0.13664452884346245","0.13664452884346245","0.13664452884346245","0.1321672906577587","0.1321672906577587","0.1321672906577587","0.13379639477282762","0.13379639477282762","0.13379639477282762","0.13235011572018265","0.13235011572018265","0.13235011572018265","0.18577935800328851","0.18577935800328851","0.18577935800328851","0.13611123506724834","0.13611123506724834","0.13611123506724834","0.16380520771071314","0.16380520771071314","0.16380520771071314","0.12275646817684173","0.12275646817684173","0.12275646817684173","0.11707782176882028","0.11707782176882028","0.11707782176882028","0.15984712522104383","0.15984712522104383","0.15984712522104383","0.1146705077700317","0.1146705077700317","0.1146705077700317","0.11139376137778163","0.11139376137778163","0.11139376137778163","0.12415945018455386","0.12415945018455386","0.12415945018455386","0.12615549919381738","0.12615549919381738","0.12615549919381738","0.1556216838210821","0.1556216838210821","0.1556216838210821","0.12693670291639864","0.12693670291639864","0.12693670291639864","0.1308428178280592","0.1308428178280592","0.1308428178280592","0.15146082086861135","0.15146082086861135","0.15146082086861135","0.18710799540951847","0.18710799540951847","0.18710799540951847","0.14208727913722397","0.14208727913722397","0.14208727913722397"
"8003","0.14243164420872928","0.14243164420872928","0.14243164420872928","0.15291523402184248","0.15291523402184248","0.15291523402184248","0.1275788222141564","0.1275788222141564","0.1275788222141564","0.1450604465827346","0.1450604465827346","0.1450604465827346","0.11837089923769235","0.11837089923769235","0.11837089923769235","0.17147038831561803","0.17147038831561803","0.17147038831561803","0.13310515481606125","0.13310515481606125","0.13310515481606125","0.12503721100091933","0.12503721100091933","0.12503721100091933","0.1649342036098242","0.1649342036098242","0.1649342036098242","0.14171177328750492","0.14171177328750492","0.14171177328750492","0.11883418809622526","0.11883418809622526","0.11883418809622526","0.13683212451264262","0.13683212451264262","0.13683212451264262","0.13963034991174936","0.13963034991174936","0.13963034991174936","0.16787334449961783","0.16787334449961783","0.16787334449961783","0.13243921830505131","0.13243921830505131","0.13243921830505131","0.12107386830821633","0.12107386830821633","0.12107386830821633","0.13955412703752518","0.13955412703752518","0.13955412703752518","0.12952274277433753","0.12952274277433753","0.12952274277433753","0.11871284033358097","0.11871284033358097","0.11871284033358097","0.1400270577520132","0.1400270577520132","0.1400270577520132","0.15330970354750753","0.15330970354750753","0.15330970354750753","0.11058530645631254","0.11058530645631254","0.11058530645631254","0.11721411825530231","0.11721411825530231","0.11721411825530231","0.14777173195406795","0.14777173195406795","0.14777173195406795","0.12371120316162705","0.12371120316162705","0.12371120316162705","0.10285124013572931","0.10285124013572931","0.10285124013572931","0.12177674098871648","0.12177674098871648","0.12177674098871648","0.11962710316479207","0.11962710316479207","0.11962710316479207","0.14016694552823902","0.14016694552823902","0.14016694552823902","0.15984735861420632","0.15984735861420632","0.15984735861420632","0.1291465178206563","0.1291465178206563","0.1291465178206563","0.12559384578466415","0.12559384578466415","0.12559384578466415","0.11903409282490611","0.11903409282490611","0.11903409282490611","0.12579738522693515","0.12579738522693515","0.12579738522693515","0.1627047602273524","0.1627047602273524","0.1627047602273524","0.1173419933617115","0.1173419933617115","0.1173419933617115","0.14092613131180406","0.14092613131180406","0.14092613131180406","0.11647460395097732","0.11647460395097732","0.11647460395097732","0.11077428076043724","0.11077428076043724","0.11077428076043724","0.14655097634717823","0.14655097634717823","0.14655097634717823","0.10785435295291244","0.10785435295291244","0.10785435295291244","0.10450930088199675","0.10450930088199675","0.10450930088199675","0.11537267543375491","0.11537267543375491","0.11537267543375491","0.11911564651504158","0.11911564651504158","0.11911564651504158","0.13819070021435617","0.13819070021435617","0.13819070021435617","0.12143224419280886","0.12143224419280886","0.12143224419280886","0.12312487413734198","0.12312487413734198","0.12312487413734198","0.13833529160544275","0.13833529160544275","0.13833529160544275","0.16554315402731298","0.16554315402731298","0.16554315402731298","0.12687768081203102","0.12687768081203102","0.12687768081203102"
"10004","0.13149476465955376","0.13149476465955376","0.13149476465955376","0.14197031699493529","0.14197031699493529","0.14197031699493529","0.12054908225685358","0.12054908225685358","0.12054908225685358","0.1356009249985218","0.1356009249985218","0.1356009249985218","0.11406650017760694","0.11406650017760694","0.11406650017760694","0.15630559266731142","0.15630559266731142","0.15630559266731142","0.12855658189207314","0.12855658189207314","0.12855658189207314","0.11793888197280467","0.11793888197280467","0.11793888197280467","0.15248750371858477","0.15248750371858477","0.15248750371858477","0.13109319662302732","0.13109319662302732","0.13109319662302732","0.11493280655890703","0.11493280655890703","0.11493280655890703","0.1266014820113778","0.1266014820113778","0.1266014820113778","0.13291309851780533","0.13291309851780533","0.13291309851780533","0.15296938353031875","0.15296938353031875","0.15296938353031875","0.12759568540751934","0.12759568540751934","0.12759568540751934","0.11553982895798981","0.11553982895798981","0.11553982895798981","0.12681710930913687","0.12681710930913687","0.12681710930913687","0.1211875359788537","0.1211875359788537","0.1211875359788537","0.11100617685541511","0.11100617685541511","0.11100617685541511","0.13225509871169924","0.13225509871169924","0.13225509871169924","0.1395284089744091","0.1395284089744091","0.1395284089744091","0.10430893870815634","0.10430893870815634","0.10430893870815634","0.11149990303814411","0.11149990303814411","0.11149990303814411","0.1349872859083116","0.1349872859083116","0.1349872859083116","0.11990945947356522","0.11990945947356522","0.11990945947356522","0.09885491236299276","0.09885491236299276","0.09885491236299276","0.11755065551027656","0.11755065551027656","0.11755065551027656","0.1159931095931679","0.1159931095931679","0.1159931095931679","0.13136136816442012","0.13136136816442012","0.13136136816442012","0.14621188306435942","0.14621188306435942","0.14621188306435942","0.12561680928058921","0.12561680928058921","0.12561680928058921","0.12244338632747531","0.12244338632747531","0.12244338632747531","0.10963351452164352","0.10963351452164352","0.10963351452164352","0.12195095361024141","0.12195095361024141","0.12195095361024141","0.14881910247728228","0.14881910247728228","0.14881910247728228","0.10682400579564273","0.10682400579564273","0.10682400579564273","0.12882968268543482","0.12882968268543482","0.12882968268543482","0.10979464364610612","0.10979464364610612","0.10979464364610612","0.10641025088727474","0.10641025088727474","0.10641025088727474","0.13914719573035836","0.13914719573035836","0.13914719573035836","0.1037001516725868","0.1037001516725868","0.1037001516725868","0.10011665639467537","0.10011665639467537","0.10011665639467537","0.10982112947851419","0.10982112947851419","0.10982112947851419","0.11511735975928604","0.11511735975928604","0.11511735975928604","0.12567768561840056","0.12567768561840056","0.12567768561840056","0.11561096227914094","0.11561096227914094","0.11561096227914094","0.11655878829956055","0.11655878829956055","0.11655878829956055","0.1301974692605436","0.1301974692605436","0.1301974692605436","0.15185740594938396","0.15185740594938396","0.15185740594938396","0.11808607314154505","0.11808607314154505","0.11808607314154505"
"12005","0.12443313547596335","0.12443313547596335","0.12443313547596335","0.1352308248616755","0.1352308248616755","0.1352308248616755","0.11503556599095464","0.11503556599095464","0.11503556599095464","0.126127925677225","0.126127925677225","0.126127925677225","0.11095137884654105","0.11095137884654105","0.11095137884654105","0.1460705999955535","0.1460705999955535","0.1460705999955535","0.12438790541514755","0.12438790541514755","0.12438790541514755","0.11679429741762579","0.11679429741762579","0.11679429741762579","0.14449471396580338","0.14449471396580338","0.14449471396580338","0.12558921908214687","0.12558921908214687","0.12558921908214687","0.10940920186042785","0.10940920186042785","0.10940920186042785","0.1194067033175379","0.1194067033175379","0.1194067033175379","0.128087755151093","0.128087755151093","0.128087755151093","0.14391558107361196","0.14391558107361196","0.14391558107361196","0.12345382445678114","0.12345382445678114","0.12345382445678114","0.11297827952727675","0.11297827952727675","0.11297827952727675","0.11955749442614615","0.11955749442614615","0.11955749442614615","0.11570310835912824","0.11570310835912824","0.11570310835912824","0.10672488700225949","0.10672488700225949","0.10672488700225949","0.12458690389245748","0.12458690389245748","0.12458690389245748","0.13038964833691716","0.13038964833691716","0.13038964833691716","0.10101213857531548","0.10101213857531548","0.10101213857531548","0.10670334869995714","0.10670334869995714","0.10670334869995714","0.12724973413348198","0.12724973413348198","0.12724973413348198","0.11556331662088633","0.11556331662088633","0.11556331662088633","0.09706021161563695","0.09706021161563695","0.09706021161563695","0.11282153823971748","0.11282153823971748","0.11282153823971748","0.11362712701782585","0.11362712701782585","0.11362712701782585","0.12585764199122787","0.12585764199122787","0.12585764199122787","0.13737777049094438","0.13737777049094438","0.13737777049094438","0.1237761961594224","0.1237761961594224","0.1237761961594224","0.11782470693998039","0.11782470693998039","0.11782470693998039","0.10433185165561736","0.10433185165561736","0.10433185165561736","0.11715829032287002","0.11715829032287002","0.11715829032287002","0.1392830527611077","0.1392830527611077","0.1392830527611077","0.09981986210681498","0.09981986210681498","0.09981986210681498","0.12074241874366999","0.12074241874366999","0.12074241874366999","0.10802429191023111","0.10802429191023111","0.10802429191023111","0.10449557556025683","0.10449557556025683","0.10449557556025683","0.13387372338026762","0.13387372338026762","0.13387372338026762","0.09936967436969281","0.09936967436969281","0.09936967436969281","0.09774293876998126","0.09774293876998126","0.09774293876998126","0.1078884354326874","0.1078884354326874","0.1078884354326874","0.11178560524247587","0.11178560524247587","0.11178560524247587","0.11929230844974517","0.11929230844974517","0.11929230844974517","0.11143004137091339","0.11143004137091339","0.11143004137091339","0.11444279073365032","0.11444279073365032","0.11444279073365032","0.12656054731458424","0.12656054731458424","0.12656054731458424","0.14123776471987368","0.14123776471987368","0.14123776471987368","0.11313708491250872","0.11313708491250872","0.11313708491250872"
"14006","0.11912837066873908","0.11912837066873908","0.11912837066873908","0.12883514622226358","0.12883514622226358","0.12883514622226358","0.10884769483841955","0.10884769483841955","0.10884769483841955","0.12192815113253891","0.12192815113253891","0.12192815113253891","0.10773397814854979","0.10773397814854979","0.10773397814854979","0.14030621388182044","0.14030621388182044","0.14030621388182044","0.12168544084392488","0.12168544084392488","0.12168544084392488","0.11450507548451423","0.11450507548451423","0.11450507548451423","0.1371303315758705","0.1371303315758705","0.1371303315758705","0.12063135136291385","0.12063135136291385","0.12063135136291385","0.10960633770748973","0.10960633770748973","0.10960633770748973","0.11413322691246867","0.11413322691246867","0.11413322691246867","0.12447987283393741","0.12447987283393741","0.12447987283393741","0.13791107325255872","0.13791107325255872","0.13791107325255872","0.11940358290821314","0.11940358290821314","0.11940358290821314","0.11128273994475603","0.11128273994475603","0.11128273994475603","0.1159688463807106","0.1159688463807106","0.1159688463807106","0.11112084550410509","0.11112084550410509","0.11112084550410509","0.10310325941257178","0.10310325941257178","0.10310325941257178","0.11990290098451079","0.11990290098451079","0.11990290098451079","0.1236602247916162","0.1236602247916162","0.1236602247916162","0.09730613664351404","0.09730613664351404","0.09730613664351404","0.10331567806005477","0.10331567806005477","0.10331567806005477","0.1216646165587008","0.1216646165587008","0.1216646165587008","0.11338034706003965","0.11338034706003965","0.11338034706003965","0.09349295093119145","0.09349295093119145","0.09349295093119145","0.11193420269340276","0.11193420269340276","0.11193420269340276","0.10855191925354302","0.10855191925354302","0.10855191925354302","0.12061828948557377","0.12061828948557377","0.12061828948557377","0.13174805711582302","0.13174805711582302","0.13174805711582302","0.11871445233002305","0.11871445233002305","0.11871445233002305","0.11493489586003125","0.11493489586003125","0.11493489586003125","0.10076155940815806","0.10076155940815806","0.10076155940815806","0.11437067716568708","0.11437067716568708","0.11437067716568708","0.13308902512863277","0.13308902512863277","0.13308902512863277","0.09610298314504326","0.09610298314504326","0.09610298314504326","0.11412067005783319","0.11412067005783319","0.11412067005783319","0.10658497030474245","0.10658497030474245","0.10658497030474245","0.10091564876772463","0.10091564876772463","0.10091564876772463","0.1288606559112668","0.1288606559112668","0.1288606559112668","0.09848090963624417","0.09848090963624417","0.09848090963624417","0.09534851008281112","0.09534851008281112","0.09534851008281112","0.10477243434824049","0.10477243434824049","0.10477243434824049","0.1093538683950901","0.1093538683950901","0.1093538683950901","0.11312057650461793","0.11312057650461793","0.11312057650461793","0.1099607547763735","0.1099607547763735","0.1099607547763735","0.11101579974405468","0.11101579974405468","0.11101579974405468","0.12282804813235998","0.12282804813235998","0.12282804813235998","0.13273479611054062","0.13273479611054062","0.13273479611054062","0.10927004184387624","0.10927004184387624","0.10927004184387624"
"16007","0.11627134628221393","0.11627134628221393","0.11627134628221393","0.12468939993157983","0.12468939993157983","0.12468939993157983","0.10617191918939352","0.10617191918939352","0.10617191918939352","0.12089600992947817","0.12089600992947817","0.12089600992947817","0.10498649225570261","0.10498649225570261","0.10498649225570261","0.13456263264641166","0.13456263264641166","0.13456263264641166","0.12059347590431571","0.12059347590431571","0.12059347590431571","0.11127894392237067","0.11127894392237067","0.11127894392237067","0.13228248047456145","0.13228248047456145","0.13228248047456145","0.1171942626889795","0.1171942626889795","0.1171942626889795","0.10580237641185522","0.10580237641185522","0.10580237641185522","0.11089395413734018","0.11089395413734018","0.11089395413734018","0.12159139521047473","0.12159139521047473","0.12159139521047473","0.13352772859483958","0.13352772859483958","0.13352772859483958","0.11821562261134386","0.11821562261134386","0.11821562261134386","0.10809254411421716","0.10809254411421716","0.10809254411421716","0.11089390898868441","0.11089390898868441","0.11089390898868441","0.10759144051373006","0.10759144051373006","0.10759144051373006","0.10092392120137811","0.10092392120137811","0.10092392120137811","0.11711672126501799","0.11711672126501799","0.11711672126501799","0.11983559047617018","0.11983559047617018","0.11983559047617018","0.0944137033559382","0.0944137033559382","0.0944137033559382","0.10129519762471319","0.10129519762471319","0.10129519762471319","0.11787033972144127","0.11787033972144127","0.11787033972144127","0.10994561862014234","0.10994561862014234","0.10994561862014234","0.09249123737402261","0.09249123737402261","0.09249123737402261","0.11020046622492373","0.11020046622492373","0.11020046622492373","0.10763688622973859","0.10763688622973859","0.10763688622973859","0.11802384685352445","0.11802384685352445","0.11802384685352445","0.12682184163480997","0.12682184163480997","0.12682184163480997","0.1182149454113096","0.1182149454113096","0.1182149454113096","0.11196779495850205","0.11196779495850205","0.11196779495850205","0.09865511089749635","0.09865511089749635","0.09865511089749635","0.11275123899057507","0.11275123899057507","0.11275123899057507","0.1275949605181813","0.1275949605181813","0.1275949605181813","0.09201489494927227","0.09201489494927227","0.09201489494927227","0.10987548491545021","0.10987548491545021","0.10987548491545021","0.10289270987547934","0.10289270987547934","0.10289270987547934","0.09907606170885265","0.09907606170885265","0.09907606170885265","0.1256879719067365","0.1256879719067365","0.1256879719067365","0.09516420222818851","0.09516420222818851","0.09516420222818851","0.09370275270007551","0.09370275270007551","0.09370275270007551","0.10316455157846212","0.10316455157846212","0.10316455157846212","0.1051584950555116","0.1051584950555116","0.1051584950555116","0.10938687805272639","0.10938687805272639","0.10938687805272639","0.10722694011218846","0.10722694011218846","0.10722694011218846","0.10893201201409101","0.10893201201409101","0.10893201201409101","0.11971979441493749","0.11971979441493749","0.11971979441493749","0.12834694457799195","0.12834694457799195","0.12834694457799195","0.10573268560878933","0.10573268560878933","0.10573268560878933"
"18008","0.11314781250990927","0.11314781250990927","0.11314781250990927","0.1213123449292034","0.1213123449292034","0.1213123449292034","0.10346437485516072","0.10346437485516072","0.10346437485516072","0.11609715653210878","0.11609715653210878","0.11609715653210878","0.10558318736962974","0.10558318736962974","0.10558318736962974","0.1325732385069132","0.1325732385069132","0.1325732385069132","0.11784364810027183","0.11784364810027183","0.11784364810027183","0.11005285599268973","0.11005285599268973","0.11005285599268973","0.12816338414326311","0.12816338414326311","0.12816338414326311","0.11440922892093658","0.11440922892093658","0.11440922892093658","0.10425906914100051","0.10425906914100051","0.10425906914100051","0.10931836802512407","0.10931836802512407","0.10931836802512407","0.11831689030304551","0.11831689030304551","0.11831689030304551","0.1300467276982963","0.1300467276982963","0.1300467276982963","0.11690297276899218","0.11690297276899218","0.11690297276899218","0.10684388183243573","0.10684388183243573","0.10684388183243573","0.10829625627584756","0.10829625627584756","0.10829625627584756","0.10612410512380302","0.10612410512380302","0.10612410512380302","0.09861912758275866","0.09861912758275866","0.09861912758275866","0.11320858933217824","0.11320858933217824","0.11320858933217824","0.11619751298241317","0.11619751298241317","0.11619751298241317","0.09358888337574899","0.09358888337574899","0.09358888337574899","0.09937076671794057","0.09937076671794057","0.09937076671794057","0.11450804814323783","0.11450804814323783","0.11450804814323783","0.10963320619612932","0.10963320619612932","0.10963320619612932","0.09023894541151821","0.09023894541151821","0.09023894541151821","0.10877549150213599","0.10877549150213599","0.10877549150213599","0.10603895848616958","0.10603895848616958","0.10603895848616958","0.1148019877448678","0.1148019877448678","0.1148019877448678","0.12366070260480046","0.12366070260480046","0.12366070260480046","0.11599849417619407","0.11599849417619407","0.11599849417619407","0.11072216445766389","0.11072216445766389","0.11072216445766389","0.09602100307494402","0.09602100307494402","0.09602100307494402","0.11014340753853322","0.11014340753853322","0.11014340753853322","0.12401729129999876","0.12401729129999876","0.12401729129999876","0.08955497523769736","0.08955497523769736","0.08955497523769736","0.10626405415311456","0.10626405415311456","0.10626405415311456","0.103467848835513","0.103467848835513","0.103467848835513","0.09648106630891562","0.09648106630891562","0.09648106630891562","0.1247207159548998","0.1247207159548998","0.1247207159548998","0.09520642051286995","0.09520642051286995","0.09520642051286995","0.09120882089994847","0.09120882089994847","0.09120882089994847","0.10267471601255238","0.10267471601255238","0.10267471601255238","0.10474285295046866","0.10474285295046866","0.10474285295046866","0.1064530982747674","0.1064530982747674","0.1064530982747674","0.10577173039875924","0.10577173039875924","0.10577173039875924","0.10682086693681776","0.10682086693681776","0.10682086693681776","0.1184192766174674","0.1184192766174674","0.1184192766174674","0.12512478973343968","0.12512478973343968","0.12512478973343968","0.1022047721222043","0.1022047721222043","0.1022047721222043"
"20009","0.11197686261497437","0.11197686261497437","0.11197686261497437","0.11908339343592525","0.11908339343592525","0.11908339343592525","0.09971661243028938","0.09971661243028938","0.09971661243028938","0.11451173696294427","0.11451173696294427","0.11451173696294427","0.1032738454900682","0.1032738454900682","0.1032738454900682","0.12880099489726127","0.12880099489726127","0.12880099489726127","0.1145229890588671","0.1145229890588671","0.1145229890588671","0.10805153470672667","0.10805153470672667","0.10805153470672667","0.12695412392169236","0.12695412392169236","0.12695412392169236","0.11254699224606156","0.11254699224606156","0.11254699224606156","0.10322831643559038","0.10322831643559038","0.10322831643559038","0.1060667317993939","0.1060667317993939","0.1060667317993939","0.11691534775123","0.11691534775123","0.11691534775123","0.12708511824905872","0.12708511824905872","0.12708511824905872","0.11472528869286179","0.11472528869286179","0.11472528869286179","0.10495138687081634","0.10495138687081634","0.10495138687081634","0.10562851926498115","0.10562851926498115","0.10562851926498115","0.10411727642640471","0.10411727642640471","0.10411727642640471","0.09545306706801057","0.09545306706801057","0.09545306706801057","0.11226721250265836","0.11226721250265836","0.11226721250265836","0.11296720983088017","0.11296720983088017","0.11296720983088017","0.09130454295128584","0.09130454295128584","0.09130454295128584","0.0977121387179941","0.0977121387179941","0.0977121387179941","0.11224346549995244","0.11224346549995244","0.11224346549995244","0.10687752778269351","0.10687752778269351","0.10687752778269351","0.08946241335384547","0.08946241335384547","0.08946241335384547","0.10573393894731999","0.10573393894731999","0.10573393894731999","0.10392343081347645","0.10392343081347645","0.10392343081347645","0.11142847266048193","0.11142847266048193","0.11142847266048193","0.11934437256492675","0.11934437256492675","0.11934437256492675","0.1134853848591447","0.1134853848591447","0.1134853848591447","0.10862322977371514","0.10862322977371514","0.10862322977371514","0.09305195569992065","0.09305195569992065","0.09305195569992065","0.1083069581836462","0.1083069581836462","0.1083069581836462","0.12156820170767606","0.12156820170767606","0.12156820170767606","0.08789297193661331","0.08789297193661331","0.08789297193661331","0.10271267769113183","0.10271267769113183","0.10271267769113183","0.10108024489320815","0.10108024489320815","0.10108024489320815","0.09612477705441415","0.09612477705441415","0.09612477705441415","0.12320693981274962","0.12320693981274962","0.12320693981274962","0.09240924689918756","0.09240924689918756","0.09240924689918756","0.08881881231814623","0.08881881231814623","0.08881881231814623","0.10086668102443218","0.10086668102443218","0.10086668102443218","0.10311465718783439","0.10311465718783439","0.10311465718783439","0.10407230278477073","0.10407230278477073","0.10407230278477073","0.10486429706215858","0.10486429706215858","0.10486429706215858","0.10522274953499436","0.10522274953499436","0.10522274953499436","0.1162530548851937","0.1162530548851937","0.1162530548851937","0.12141776756569743","0.12141776756569743","0.12141776756569743","0.10022074097394944","0.10022074097394944","0.10022074097394944"
"22010","0.1087747599259019","0.1087747599259019","0.1087747599259019","0.11671355289965868","0.11671355289965868","0.11671355289965868","0.0992507960870862","0.0992507960870862","0.0992507960870862","0.11168207415938378","0.11168207415938378","0.11168207415938378","0.10118598843924702","0.10118598843924702","0.10118598843924702","0.12465186216309666","0.12465186216309666","0.12465186216309666","0.11434311589412391","0.11434311589412391","0.11434311589412391","0.10821690620295703","0.10821690620295703","0.10821690620295703","0.12313432041555643","0.12313432041555643","0.12313432041555643","0.11141527770832181","0.11141527770832181","0.11141527770832181","0.10162502775527536","0.10162502775527536","0.10162502775527536","0.10558471727371216","0.10558471727371216","0.10558471727371216","0.11375988391600549","0.11375988391600549","0.11375988391600549","0.12405732406489552","0.12405732406489552","0.12405732406489552","0.11221948216482996","0.11221948216482996","0.11221948216482996","0.10385039501450956","0.10385039501450956","0.10385039501450956","0.104462324205786","0.104462324205786","0.104462324205786","0.10199468016438186","0.10199468016438186","0.10199468016438186","0.09479540649056435","0.09479540649056435","0.09479540649056435","0.11073875978402793","0.11073875978402793","0.11073875978402793","0.11014610774070024","0.11014610774070024","0.11014610774070024","0.09021638563089072","0.09021638563089072","0.09021638563089072","0.09629437729343772","0.09629437729343772","0.09629437729343772","0.11060977868363261","0.11060977868363261","0.11060977868363261","0.1068566888999194","0.1068566888999194","0.1068566888999194","0.08808122641220689","0.08808122641220689","0.08808122641220689","0.1046230195350945","0.1046230195350945","0.1046230195350945","0.103344661783427","0.103344661783427","0.103344661783427","0.11057834894582629","0.11057834894582629","0.11057834894582629","0.1175669549368322","0.1175669549368322","0.1175669549368322","0.11158935368992388","0.11158935368992388","0.11158935368992388","0.10880633215792478","0.10880633215792478","0.10880633215792478","0.09218651770055294","0.09218651770055294","0.09218651770055294","0.10804360770247877","0.10804360770247877","0.10804360770247877","0.12009350410103797","0.12009350410103797","0.12009350410103797","0.08633630215376616","0.08633630215376616","0.08633630215376616","0.10116105733253061","0.10116105733253061","0.10116105733253061","0.09862874654680491","0.09862874654680491","0.09862874654680491","0.09380135109089315","0.09380135109089315","0.09380135109089315","0.1196943044643849","0.1196943044643849","0.1196943044643849","0.09137348934262991","0.09137348934262991","0.09137348934262991","0.08922107777744531","0.08922107777744531","0.08922107777744531","0.09927739925310015","0.09927739925310015","0.09927739925310015","0.10249002460762859","0.10249002460762859","0.10249002460762859","0.10255325853638352","0.10255325853638352","0.10255325853638352","0.10354278851114214","0.10354278851114214","0.10354278851114214","0.10306572132371367","0.10306572132371367","0.10306572132371367","0.11473441542871296","0.11473441542871296","0.11473441542871296","0.118410067550838","0.118410067550838","0.118410067550838","0.09940386451780796","0.09940386451780796","0.09940386451780796"
"24011","0.10711182720586658","0.10711182720586658","0.10711182720586658","0.11412511683627963","0.11412511683627963","0.11412511683627963","0.09788389944657683","0.09788389944657683","0.09788389944657683","0.1102655991576612","0.1102655991576612","0.1102655991576612","0.10124158962257207","0.10124158962257207","0.10124158962257207","0.12297605124115944","0.12297605124115944","0.12297605124115944","0.11217407952994109","0.11217407952994109","0.11217407952994109","0.10592365170456469","0.10592365170456469","0.10592365170456469","0.12083728328719735","0.12083728328719735","0.12083728328719735","0.10888715684600174","0.10888715684600174","0.10888715684600174","0.10056478194519877","0.10056478194519877","0.10056478194519877","0.10312394136376679","0.10312394136376679","0.10312394136376679","0.11232547458074987","0.11232547458074987","0.11232547458074987","0.12301138577610254","0.12301138577610254","0.12301138577610254","0.11246343779377639","0.11246343779377639","0.11246343779377639","0.10405795204080641","0.10405795204080641","0.10405795204080641","0.10287594815902412","0.10287594815902412","0.10287594815902412","0.10104112977348267","0.10104112977348267","0.10104112977348267","0.09245591497421264","0.09245591497421264","0.09245591497421264","0.10824439385160804","0.10824439385160804","0.10824439385160804","0.10966405764967203","0.10966405764967203","0.10966405764967203","0.08826551149785519","0.08826551149785519","0.08826551149785519","0.09468362812511623","0.09468362812511623","0.09468362812511623","0.108288524184376","0.108288524184376","0.108288524184376","0.10440250202640891","0.10440250202640891","0.10440250202640891","0.08624697428941727","0.08624697428941727","0.08624697428941727","0.10166138094849884","0.10166138094849884","0.10166138094849884","0.10178913606517016","0.10178913606517016","0.10178913606517016","0.1092370368540287","0.1092370368540287","0.1092370368540287","0.11536419764347375","0.11536419764347375","0.11536419764347375","0.1115570323485881","0.1115570323485881","0.1115570323485881","0.10695075861550868","0.10695075861550868","0.10695075861550868","0.08971078744903206","0.08971078744903206","0.08971078744903206","0.10674504412338137","0.10674504412338137","0.10674504412338137","0.11694186144694686","0.11694186144694686","0.11694186144694686","0.08534925066120923","0.08534925066120923","0.08534925066120923","0.09926830520294606","0.09926830520294606","0.09926830520294606","0.09767040697857737","0.09767040697857737","0.09767040697857737","0.09320598762668669","0.09320598762668669","0.09320598762668669","0.11944049449451268","0.11944049449451268","0.11944049449451268","0.09053983996249736","0.09053983996249736","0.09053983996249736","0.0885986917372793","0.0885986917372793","0.0885986917372793","0.09732158871926368","0.09732158871926368","0.09732158871926368","0.10208460258692503","0.10208460258692503","0.10208460258692503","0.10005685319378972","0.10005685319378972","0.10005685319378972","0.10125541163980961","0.10125541163980961","0.10125541163980961","0.10129870811477304","0.10129870811477304","0.10129870811477304","0.11165517832897603","0.11165517832897603","0.11165517832897603","0.11639195208624005","0.11639195208624005","0.11639195208624005","0.09849637148715555","0.09849637148715555","0.09849637148715555"
"26012","0.10522660233825445","0.10522660233825445","0.10522660233825445","0.1128738066162914","0.1128738066162914","0.1128738066162914","0.0963068970926106","0.0963068970926106","0.0963068970926106","0.10861318699456751","0.10861318699456751","0.10861318699456751","0.09979142090678216","0.09979142090678216","0.09979142090678216","0.12140789827704429","0.12140789827704429","0.12140789827704429","0.11178568606451154","0.11178568606451154","0.11178568606451154","0.10604009859450161","0.10604009859450161","0.10604009859450161","0.11913128878362476","0.11913128878362476","0.11913128878362476","0.10672143873944878","0.10672143873944878","0.10672143873944878","0.0996947184521705","0.0996947184521705","0.0996947184521705","0.10201893175207079","0.10201893175207079","0.10201893175207079","0.11072120061889291","0.11072120061889291","0.11072120061889291","0.12211901001632214","0.12211901001632214","0.12211901001632214","0.11150264985300601","0.11150264985300601","0.11150264985300601","0.10183237232454122","0.10183237232454122","0.10183237232454122","0.10235663069225848","0.10235663069225848","0.10235663069225848","0.09756342525780201","0.09756342525780201","0.09756342525780201","0.09133408242836595","0.09133408242836595","0.09133408242836595","0.1056953794863075","0.1056953794863075","0.1056953794863075","0.10601471731252968","0.10601471731252968","0.10601471731252968","0.086732490664348","0.086732490664348","0.086732490664348","0.09382886853814125","0.09382886853814125","0.09382886853814125","0.10665911114774644","0.10665911114774644","0.10665911114774644","0.10534704779088497","0.10534704779088497","0.10534704779088497","0.08593770816363394","0.08593770816363394","0.08593770816363394","0.10222183904983104","0.10222183904983104","0.10222183904983104","0.09994707502238452","0.09994707502238452","0.09994707502238452","0.10646126641519368","0.10646126641519368","0.10646126641519368","0.11442638626508415","0.11442638626508415","0.11442638626508415","0.11075868156552315","0.11075868156552315","0.11075868156552315","0.10516429009474813","0.10516429009474813","0.10516429009474813","0.08912304243072867","0.08912304243072867","0.08912304243072867","0.10501812585629523","0.10501812585629523","0.10501812585629523","0.11526000625267625","0.11526000625267625","0.11526000625267625","0.08389981161244213","0.08389981161244213","0.08389981161244213","0.09648449908196927","0.09648449908196927","0.09648449908196927","0.09896218637563288","0.09896218637563288","0.09896218637563288","0.09222959781810641","0.09222959781810641","0.09222959781810641","0.11787053282558918","0.11787053282558918","0.11787053282558918","0.08998003067634999","0.08998003067634999","0.08998003067634999","0.08668822756968439","0.08668822756968439","0.08668822756968439","0.09754154995828868","0.09754154995828868","0.09754154995828868","0.099773683026433","0.099773683026433","0.099773683026433","0.09869701581448316","0.09869701581448316","0.09869701581448316","0.10074616892635822","0.10074616892635822","0.10074616892635822","0.10125813950411976","0.10125813950411976","0.10125813950411976","0.11127799638919532","0.11127799638919532","0.11127799638919532","0.11472074595838785","0.11472074595838785","0.11472074595838785","0.09665059823729098","0.09665059823729098","0.09665059823729098"
"28013","0.1034998862463981","0.1034998862463981","0.1034998862463981","0.11154485055059195","0.11154485055059195","0.11154485055059195","0.09507196387648582","0.09507196387648582","0.09507196387648582","0.10787555386312306","0.10787555386312306","0.10787555386312306","0.09792729632928968","0.09792729632928968","0.09792729632928968","0.12055917618237436","0.12055917618237436","0.12055917618237436","0.11032779996283353","0.11032779996283353","0.11032779996283353","0.10460877167247236","0.10460877167247236","0.10460877167247236","0.11831452123448252","0.11831452123448252","0.11831452123448252","0.10696120871044695","0.10696120871044695","0.10696120871044695","0.09863092330843211","0.09863092330843211","0.09863092330843211","0.10048490897193552","0.10048490897193552","0.10048490897193552","0.10937609954923391","0.10937609954923391","0.10937609954923391","0.11954625372961164","0.11954625372961164","0.11954625372961164","0.10998523982614279","0.10998523982614279","0.10998523982614279","0.10174553677439689","0.10174553677439689","0.10174553677439689","0.10005825014039874","0.10005825014039874","0.10005825014039874","0.09712318290397524","0.09712318290397524","0.09712318290397524","0.09031788056530059","0.09031788056530059","0.09031788056530059","0.10581920232251286","0.10581920232251286","0.10581920232251286","0.10512253609485925","0.10512253609485925","0.10512253609485925","0.08674463095888496","0.08674463095888496","0.08674463095888496","0.09210293025150895","0.09210293025150895","0.09210293025150895","0.10562385214306415","0.10562385214306415","0.10562385214306415","0.10323234361968935","0.10323234361968935","0.10323234361968935","0.08556676125898957","0.08556676125898957","0.08556676125898957","0.10152329951152206","0.10152329951152206","0.10152329951152206","0.09992042888328433","0.09992042888328433","0.09992042888328433","0.10709264796413481","0.10709264796413481","0.10709264796413481","0.11268194197677076","0.11268194197677076","0.11268194197677076","0.11005492200888693","0.11005492200888693","0.11005492200888693","0.10330381667613983","0.10330381667613983","0.10330381667613983","0.088399804700166","0.088399804700166","0.088399804700166","0.10394548423215746","0.10394548423215746","0.10394548423215746","0.11462026461027562","0.11462026461027562","0.11462026461027562","0.08289635726250708","0.08289635726250708","0.08289635726250708","0.09531738832220435","0.09531738832220435","0.09531738832220435","0.09743779176846147","0.09743779176846147","0.09743779176846147","0.09047449530661106","0.09047449530661106","0.09047449530661106","0.11703317287936807","0.11703317287936807","0.11703317287936807","0.088663205916062","0.088663205916062","0.088663205916062","0.08611350854486227","0.08611350854486227","0.08611350854486227","0.09607491863891482","0.09607491863891482","0.09607491863891482","0.09884522571973503","0.09884522571973503","0.09884522571973503","0.0976348356101662","0.0976348356101662","0.0976348356101662","0.09993814774788916","0.09993814774788916","0.09993814774788916","0.10061408025771379","0.10061408025771379","0.10061408025771379","0.10988019187934697","0.10988019187934697","0.10988019187934697","0.11296350504644215","0.11296350504644215","0.11296350504644215","0.09649088544212282","0.09649088544212282","0.09649088544212282"
"30014","0.10194056355766952","0.10194056355766952","0.10194056355766952","0.11014682988263666","0.11014682988263666","0.11014682988263666","0.0942379364259541","0.0942379364259541","0.0942379364259541","0.10586384334601462","0.10586384334601462","0.10586384334601462","0.09780867574363947","0.09780867574363947","0.09780867574363947","0.11819454001262784","0.11819454001262784","0.11819454001262784","0.1096220395937562","0.1096220395937562","0.1096220395937562","0.10285131375864148","0.10285131375864148","0.10285131375864148","0.11633551868610084","0.11633551868610084","0.11633551868610084","0.10469921861216426","0.10469921861216426","0.10469921861216426","0.09780009239912033","0.09780009239912033","0.09780009239912033","0.09883393711969256","0.09883393711969256","0.09883393711969256","0.10858042408525943","0.10858042408525943","0.10858042408525943","0.11697736627608538","0.11697736627608538","0.11697736627608538","0.10962795263715089","0.10962795263715089","0.10962795263715089","0.10000849381834269","0.10000849381834269","0.10000849381834269","0.09972725087590516","0.09972725087590516","0.09972725087590516","0.0955607266444713","0.0955607266444713","0.0955607266444713","0.08951913324557245","0.08951913324557245","0.08951913324557245","0.10460486613214016","0.10460486613214016","0.10460486613214016","0.10423039729520679","0.10423039729520679","0.10423039729520679","0.08489479300752283","0.08489479300752283","0.08489479300752283","0.09133633125387132","0.09133633125387132","0.09133633125387132","0.10335571892373265","0.10335571892373265","0.10335571892373265","0.1029483135137707","0.1029483135137707","0.1029483135137707","0.08460524643212557","0.08460524643212557","0.08460524643212557","0.09929714255034923","0.09929714255034923","0.09929714255034923","0.09774830529093742","0.09774830529093742","0.09774830529093742","0.10434026917628944","0.10434026917628944","0.10434026917628944","0.11164795851148665","0.11164795851148665","0.11164795851148665","0.10798680401034653","0.10798680401034653","0.10798680401034653","0.1022198799494654","0.1022198799494654","0.1022198799494654","0.08720706503465772","0.08720706503465772","0.08720706503465772","0.10333073086291551","0.10333073086291551","0.10333073086291551","0.11192734702676535","0.11192734702676535","0.11192734702676535","0.08230420696176588","0.08230420696176588","0.08230420696176588","0.09405866030789911","0.09405866030789911","0.09405866030789911","0.09514576566778124","0.09514576566778124","0.09514576566778124","0.09133076707273721","0.09133076707273721","0.09133076707273721","0.1150867548044771","0.1150867548044771","0.1150867548044771","0.0884601529315114","0.0884601529315114","0.0884601529315114","0.08513496378995478","0.08513496378995478","0.08513496378995478","0.09558814279548823","0.09558814279548823","0.09558814279548823","0.09711396862752736","0.09711396862752736","0.09711396862752736","0.09699923517554998","0.09699923517554998","0.09699923517554998","0.09852948178164661","0.09852948178164661","0.09852948178164661","0.09878323867730797","0.09878323867730797","0.09878323867730797","0.10819540577568114","0.10819540577568114","0.10819540577568114","0.11184722241386771","0.11184722241386771","0.11184722241386771","0.0946917850729078","0.0946917850729078","0.0946917850729078"
"32015","0.100561996050179","0.100561996050179","0.100561996050179","0.11006638383679092","0.11006638383679092","0.11006638383679092","0.09375911428406834","0.09375911428406834","0.09375911428406834","0.10559911697171628","0.10559911697171628","0.10559911697171628","0.0960069350861013","0.0960069350861013","0.0960069350861013","0.11592870090529322","0.11592870090529322","0.11592870090529322","0.10816258451901377","0.10816258451901377","0.10816258451901377","0.10104582439921796","0.10104582439921796","0.10104582439921796","0.11455754097737372","0.11455754097737372","0.11455754097737372","0.10418149887397886","0.10418149887397886","0.10418149887397886","0.09651607983186841","0.09651607983186841","0.09651607983186841","0.09758757923543453","0.09758757923543453","0.09758757923543453","0.10798840850964189","0.10798840850964189","0.10798840850964189","0.1161946270391345","0.1161946270391345","0.1161946270391345","0.10853894675336778","0.10853894675336778","0.10853894675336778","0.0994075335636735","0.0994075335636735","0.0994075335636735","0.09842846880480648","0.09842846880480648","0.09842846880480648","0.09532518741488456","0.09532518741488456","0.09532518741488456","0.08925318400003016","0.08925318400003016","0.08925318400003016","0.1024536416567862","0.1024536416567862","0.1024536416567862","0.10308126716688275","0.10308126716688275","0.10308126716688275","0.08431862729415297","0.08431862729415297","0.08431862729415297","0.08961678768508136","0.08961678768508136","0.08961678768508136","0.10277442974597216","0.10277442974597216","0.10277442974597216","0.09990769539959729","0.09990769539959729","0.09990769539959729","0.08425860749743878","0.08425860749743878","0.08425860749743878","0.10003275096043944","0.10003275096043944","0.10003275096043944","0.09907326290942728","0.09907326290942728","0.09907326290942728","0.10337354641966522","0.10337354641966522","0.10337354641966522","0.10991119929589331","0.10991119929589331","0.10991119929589331","0.10675860591977834","0.10675860591977834","0.10675860591977834","0.10170849725790322","0.10170849725790322","0.10170849725790322","0.08596790703013539","0.08596790703013539","0.08596790703013539","0.10344980776309967","0.10344980776309967","0.10344980776309967","0.10930438081547618","0.10930438081547618","0.10930438081547618","0.08040125508606434","0.08040125508606434","0.08040125508606434","0.0919024657458067","0.0919024657458067","0.0919024657458067","0.09568338820524513","0.09568338820524513","0.09568338820524513","0.08990497053228319","0.08990497053228319","0.08990497053228319","0.11377165387570858","0.11377165387570858","0.11377165387570858","0.08702402983419597","0.08702402983419597","0.08702402983419597","0.08451791993901134","0.08451791993901134","0.08451791993901134","0.09569717885926365","0.09569717885926365","0.09569717885926365","0.09644522535800934","0.09644522535800934","0.09644522535800934","0.0955580036006868","0.0955580036006868","0.0955580036006868","0.09732064960524439","0.09732064960524439","0.09732064960524439","0.09901222745142878","0.09901222745142878","0.09901222745142878","0.10702423258125782","0.10702423258125782","0.10702423258125782","0.11038565262407064","0.11038565262407064","0.11038565262407064","0.09290427240356804","0.09290427240356804","0.09290427240356804"
"34016","0.10062139026634395","0.10062139026634395","0.10062139026634395","0.1072847408298403","0.1072847408298403","0.1072847408298403","0.09197071459330618","0.09197071459330618","0.09197071459330618","0.1047726928256452","0.1047726928256452","0.1047726928256452","0.09655520351231098","0.09655520351231098","0.09655520351231098","0.11585524139925837","0.11585524139925837","0.11585524139925837","0.10822749733924866","0.10822749733924866","0.10822749733924866","0.10183233374729753","0.10183233374729753","0.10183233374729753","0.11333935650810599","0.11333935650810599","0.11333935650810599","0.10377097640000284","0.10377097640000284","0.10377097640000284","0.09497849050536752","0.09497849050536752","0.09497849050536752","0.09681296619027853","0.09681296619027853","0.09681296619027853","0.10733376366272569","0.10733376366272569","0.10733376366272569","0.11501885989308357","0.11501885989308357","0.11501885989308357","0.10741596214473248","0.10741596214473248","0.10741596214473248","0.0982556953895837","0.0982556953895837","0.0982556953895837","0.09636334455572068","0.09636334455572068","0.09636334455572068","0.09347942296788096","0.09347942296788096","0.09347942296788096","0.08687357740104198","0.08687357740104198","0.08687357740104198","0.10225568759068847","0.10225568759068847","0.10225568759068847","0.10158660906553268","0.10158660906553268","0.10158660906553268","0.08434211937151849","0.08434211937151849","0.08434211937151849","0.08946892069652676","0.08946892069652676","0.08946892069652676","0.10130338244698942","0.10130338244698942","0.10130338244698942","0.10038077568635345","0.10038077568635345","0.10038077568635345","0.08282245572842657","0.08282245572842657","0.08282245572842657","0.09838617215678096","0.09838617215678096","0.09838617215678096","0.0961959181111306","0.0961959181111306","0.0961959181111306","0.10273053503595292","0.10273053503595292","0.10273053503595292","0.10859400887787342","0.10859400887787342","0.10859400887787342","0.10595324815623462","0.10595324815623462","0.10595324815623462","0.10082314640469849","0.10082314640469849","0.10082314640469849","0.08510985209606588","0.08510985209606588","0.08510985209606588","0.10073551871813834","0.10073551871813834","0.10073551871813834","0.10916804311051964","0.10916804311051964","0.10916804311051964","0.08054192098416388","0.08054192098416388","0.08054192098416388","0.09055579050071537","0.09055579050071537","0.09055579050071537","0.09445865211822092","0.09445865211822092","0.09445865211822092","0.08914217061176896","0.08914217061176896","0.08914217061176896","0.11306242581829429","0.11306242581829429","0.11306242581829429","0.08643947728723288","0.08643947728723288","0.08643947728723288","0.08497231739759445","0.08497231739759445","0.08497231739759445","0.09315533167868853","0.09315533167868853","0.09315533167868853","0.09618609089590609","0.09618609089590609","0.09618609089590609","0.09425238434784114","0.09425238434784114","0.09425238434784114","0.0973037416152656","0.0973037416152656","0.0973037416152656","0.09627266731858254","0.09627266731858254","0.09627266731858254","0.10701793497800827","0.10701793497800827","0.10701793497800827","0.10865070834383368","0.10865070834383368","0.10865070834383368","0.09180582329630851","0.09180582329630851","0.09180582329630851"
"36017","0.09869031813554466","0.09869031813554466","0.09869031813554466","0.10717494875006378","0.10717494875006378","0.10717494875006378","0.09115212698094546","0.09115212698094546","0.09115212698094546","0.10343579621426761","0.10343579621426761","0.10343579621426761","0.09552249888703226","0.09552249888703226","0.09552249888703226","0.1131810501795262","0.1131810501795262","0.1131810501795262","0.1068426360040903","0.1068426360040903","0.1068426360040903","0.10104133870080113","0.10104133870080113","0.10104133870080113","0.11154467702843249","0.11154467702843249","0.11154467702843249","0.10053572950325906","0.10053572950325906","0.10053572950325906","0.09399393458850681","0.09399393458850681","0.09399393458850681","0.0971162867769599","0.0971162867769599","0.0971162867769599","0.10582757781073451","0.10582757781073451","0.10582757781073451","0.11339581828005611","0.11339581828005611","0.11339581828005611","0.10607967057637871","0.10607967057637871","0.10607967057637871","0.09808602485992014","0.09808602485992014","0.09808602485992014","0.09581332399509847","0.09581332399509847","0.09581332399509847","0.0929852179493755","0.0929852179493755","0.0929852179493755","0.08727363392524422","0.08727363392524422","0.08727363392524422","0.10173081278800965","0.10173081278800965","0.10173081278800965","0.10021535684913396","0.10021535684913396","0.10021535684913396","0.08344133795611561","0.08344133795611561","0.08344133795611561","0.08856562151014805","0.08856562151014805","0.08856562151014805","0.10041278432868421","0.10041278432868421","0.10041278432868421","0.09940806500986218","0.09940806500986218","0.09940806500986218","0.08266224130056798","0.08266224130056798","0.08266224130056798","0.09961482684500515","0.09961482684500515","0.09961482684500515","0.09748352607898414","0.09748352607898414","0.09748352607898414","0.10249776197783649","0.10249776197783649","0.10249776197783649","0.10648299328051508","0.10648299328051508","0.10648299328051508","0.10756877931207419","0.10756877931207419","0.10756877931207419","0.10096932903304696","0.10096932903304696","0.10096932903304696","0.08430585562251508","0.08430585562251508","0.08430585562251508","0.1008386764023453","0.1008386764023453","0.1008386764023453","0.10885685098543763","0.10885685098543763","0.10885685098543763","0.07989467669837177","0.07989467669837177","0.07989467669837177","0.09007079515233636","0.09007079515233636","0.09007079515233636","0.09478990259207785","0.09478990259207785","0.09478990259207785","0.09014944785274565","0.09014944785274565","0.09014944785274565","0.11173788798600436","0.11173788798600436","0.11173788798600436","0.08618953838944435","0.08618953838944435","0.08618953838944435","0.08252916330471635","0.08252916330471635","0.08252916330471635","0.09369382248446345","0.09369382248446345","0.09369382248446345","0.09546446624211967","0.09546446624211967","0.09546446624211967","0.09369820533320308","0.09369820533320308","0.09369820533320308","0.09802601559087634","0.09802601559087634","0.09802601559087634","0.09698687656968832","0.09698687656968832","0.09698687656968832","0.1074887648448348","0.1074887648448348","0.1074887648448348","0.1065553616732359","0.1065553616732359","0.1065553616732359","0.09089428096823395","0.09089428096823395","0.09089428096823395"
"38018","0.09917026939615607","0.09917026939615607","0.09917026939615607","0.1052062518838793","0.1052062518838793","0.1052062518838793","0.09114049392938614","0.09114049392938614","0.09114049392938614","0.10152251675538719","0.10152251675538719","0.10152251675538719","0.09528167383372783","0.09528167383372783","0.09528167383372783","0.11291877667978406","0.11291877667978406","0.11291877667978406","0.10678039801679552","0.10678039801679552","0.10678039801679552","0.10031595949269831","0.10031595949269831","0.10031595949269831","0.11109897828102112","0.11109897828102112","0.11109897828102112","0.1010867731012404","0.1010867731012404","0.1010867731012404","0.09619288497976959","0.09619288497976959","0.09619288497976959","0.09536219305731355","0.09536219305731355","0.09536219305731355","0.10433318123035133","0.10433318123035133","0.10433318123035133","0.11299686763621866","0.11299686763621866","0.11299686763621866","0.1055527070760727","0.1055527070760727","0.1055527070760727","0.09711383651569486","0.09711383651569486","0.09711383651569486","0.09515815339051187","0.09515815339051187","0.09515815339051187","0.09191258792579174","0.09191258792579174","0.09191258792579174","0.08710519460961223","0.08710519460961223","0.08710519460961223","0.10111345406062901","0.10111345406062901","0.10111345406062901","0.1007231005690992","0.1007231005690992","0.1007231005690992","0.08257437410019339","0.08257437410019339","0.08257437410019339","0.08794130322895945","0.08794130322895945","0.08794130322895945","0.10059995249472559","0.10059995249472559","0.10059995249472559","0.09926180277392269","0.09926180277392269","0.09926180277392269","0.08274915186688304","0.08274915186688304","0.08274915186688304","0.09699796267785132","0.09699796267785132","0.09699796267785132","0.09692149408347904","0.09692149408347904","0.09692149408347904","0.10094442437402903","0.10094442437402903","0.10094442437402903","0.1073146097343415","0.1073146097343415","0.1073146097343415","0.10592696120589971","0.10592696120589971","0.10592696120589971","0.10159293321147561","0.10159293321147561","0.10159293321147561","0.08339461925253272","0.08339461925253272","0.08339461925253272","0.10005030228197574","0.10005030228197574","0.10005030228197574","0.10810866697877645","0.10810866697877645","0.10810866697877645","0.07813068432919681","0.07813068432919681","0.07813068432919681","0.09007578955776989","0.09007578955776989","0.09007578955776989","0.09341012032702566","0.09341012032702566","0.09341012032702566","0.08793334907852113","0.08793334907852113","0.08793334907852113","0.1109362463504076","0.1109362463504076","0.1109362463504076","0.08610599739290774","0.08610599739290774","0.08610599739290774","0.08252283120900393","0.08252283120900393","0.08252283120900393","0.09198795493505896","0.09198795493505896","0.09198795493505896","0.09617257853224874","0.09617257853224874","0.09617257853224874","0.09267333357594908","0.09267333357594908","0.09267333357594908","0.09661509131081403","0.09661509131081403","0.09661509131081403","0.09672344969399273","0.09672344969399273","0.09672344969399273","0.10490235720202326","0.10490235720202326","0.10490235720202326","0.10606860607489943","0.10606860607489943","0.10606860607489943","0.09061035025678575","0.09061035025678575","0.09061035025678575"
"40019","0.09739708396792411","0.09739708396792411","0.09739708396792411","0.10568504564836621","0.10568504564836621","0.10568504564836621","0.09036821179650724","0.09036821179650724","0.09036821179650724","0.10388952694274485","0.10388952694274485","0.10388952694274485","0.09464577879197895","0.09464577879197895","0.09464577879197895","0.11241172649525107","0.11241172649525107","0.11241172649525107","0.10587331909872591","0.10587331909872591","0.10587331909872591","0.10014401342161","0.10014401342161","0.10014401342161","0.11154260657913982","0.11154260657913982","0.11154260657913982","0.10040972856990993","0.10040972856990993","0.10040972856990993","0.09423819662258029","0.09423819662258029","0.09423819662258029","0.09503859796561301","0.09503859796561301","0.09503859796561301","0.10554316946864128","0.10554316946864128","0.10554316946864128","0.11140312803536653","0.11140312803536653","0.11140312803536653","0.10611794129945337","0.10611794129945337","0.10611794129945337","0.09688938902132213","0.09688938902132213","0.09688938902132213","0.09549459841661155","0.09549459841661155","0.09549459841661155","0.09202374844625592","0.09202374844625592","0.09202374844625592","0.08530581593886018","0.08530581593886018","0.08530581593886018","0.10013496281951666","0.10013496281951666","0.10013496281951666","0.09870791931077838","0.09870791931077838","0.09870791931077838","0.08096884559094907","0.08096884559094907","0.08096884559094907","0.0870241847038269","0.0870241847038269","0.0870241847038269","0.09839765187725424","0.09839765187725424","0.09839765187725424","0.09855114466138185","0.09855114466138185","0.09855114466138185","0.08182507380098104","0.08182507380098104","0.08182507380098104","0.0979512289594859","0.0979512289594859","0.0979512289594859","0.09846389033645392","0.09846389033645392","0.09846389033645392","0.10093297861330211","0.10093297861330211","0.10093297861330211","0.10599059054255486","0.10599059054255486","0.10599059054255486","0.1030576761290431","0.1030576761290431","0.1030576761290431","0.09975760304369033","0.09975760304369033","0.09975760304369033","0.08320254478603602","0.08320254478603602","0.08320254478603602","0.0999786837771535","0.0999786837771535","0.0999786837771535","0.10560821565054357","0.10560821565054357","0.10560821565054357","0.07746857943944634","0.07746857943944634","0.07746857943944634","0.08858620140701533","0.08858620140701533","0.08858620140701533","0.09241855999082327","0.09241855999082327","0.09241855999082327","0.0876112085133791","0.0876112085133791","0.0876112085133791","0.11102266143262386","0.11102266143262386","0.11102266143262386","0.0857695941887796","0.0857695941887796","0.0857695941887796","0.08203055224940181","0.08203055224940181","0.08203055224940181","0.09159091318398714","0.09159091318398714","0.09159091318398714","0.09573433626256883","0.09573433626256883","0.09573433626256883","0.09155242737010122","0.09155242737010122","0.09155242737010122","0.09664680412225425","0.09664680412225425","0.09664680412225425","0.09625958640128374","0.09625958640128374","0.09625958640128374","0.10420535759441554","0.10420535759441554","0.10420535759441554","0.10538577853702008","0.10538577853702008","0.10538577853702008","0.08935308911837637","0.08935308911837637","0.08935308911837637"